Default_Flag,AVG_thunhap
1,69735.6980081558
0,70244.4306292554
