Default_Flag,P_25,P_median,P_75
0,49870.000000,69939.000000,91123.000000
1,47738.000000,69757.000000,91062.000000
